<?xml version="1.0" encoding="utf-8"?>
                        <nfeProc  versao="4.00" xmlns="http://www.portalfiscal.inf.br/nfe"><protNFe><infProt><nProt>131256519978867</nProt><digVal>2232FBXDjWcPP9Kc+WogR6BJN58=</digVal><dhRecbto>2025-03-10T13:41:47-03:00</dhRecbto><chNFe>31250341818239000150550010000176851734968196</chNFe><xMotivo>Autorizado o uso da NF-e</xMotivo><cStat>100</cStat></infProt></protNFe><NFe><infNFe Id="NFe31250341818239000150550010000176851734968196"><infAdic><infCpl>AV LINDORMIRA BORGES 6000 NA CASTELLI 08:30 AS 17:00  CONFORME A LEI NR. 13.775/2018, ART. 12   3  FICA EXPRESSAMENTE CONVECIONADO ENTRE AS PARTES QUE: A PRACA DE PAGAMENTO SERA NO DOMICILIO DO SACADOR. BANCO: ITAU AGENCIA: 3034 C.CORRENTE: 99876-9 REF. AOS DOCS.: PED.:23755-10/03/2025</infCpl></infAdic><infRespTec><fone>3432572433</fone><CNPJ>24615003000106</CNPJ><xContato>RAPHAEL MACHADO</xContato><email>contato@movimentosistemas.com.br</email></infRespTec><det><nItem>1</nItem><prod><cEAN>SEM GTIN</cEAN><cProd>ST300</cProd><qCom>11</qCom><cEANTrib>SEM GTIN</cEANTrib><vUnTrib>39.9</vUnTrib><qTrib>11</qTrib><vProd>438.90</vProd><xProd>FILME STRETCH 500MM X 25 MIC BOBINA 3KG</xProd><vUnCom>39.9</vUnCom><indTot>1</indTot><uTrib>UN</uTrib><NCM>39201099</NCM><uCom>UN</uCom><CFOP>5102</CFOP><CEST>1400400</CEST></prod><imposto><vTotTrib>178.11</vTotTrib><ICMS><ICMS00><modBC>0</modBC><orig>0</orig><CST>00</CST><vBC>438.90</vBC><vICMS>79.00</vICMS><pICMS>18.00</pICMS></ICMS00></ICMS><IPI><cEnq>999</cEnq><IPITrib><CST>99</CST><qUnid>0.0000</qUnid><vIPI>0.00</vIPI><vUnid>0.0000</vUnid></IPITrib></IPI><COFINS><COFINSAliq><vCOFINS>10.80</vCOFINS><CST>01</CST><vBC>359.90</vBC><pCOFINS>3.00</pCOFINS></COFINSAliq></COFINS><PIS><PISAliq><vPIS>2.34</vPIS><CST>01</CST><vBC>359.90</vBC><pPIS>0.65</pPIS></PISAliq></PIS></imposto><infAdProd>VlPis Item: R$2,34, VlCofins Item: R$10,8</infAdProd></det><total><ICMSTot><vCOFINS>10.80</vCOFINS><vBCST>0.00</vBCST><vICMSDeson>0.00</vICMSDeson><vFCPUFDest>0.00</vFCPUFDest><vProd>438.90</vProd><vSeg>0.00</vSeg><vFCP>0.00</vFCP><vFCPST>0.00</vFCPST><vNF>438.90</vNF><vTotTrib>178.11</vTotTrib><vPIS>2.34</vPIS><vIPIDevol>0.00</vIPIDevol><vBC>438.90</vBC><vST>0.00</vST><vICMS>79.00</vICMS><vII>0.00</vII><vFCPSTRet>0.00</vFCPSTRet><vDesc>0.00</vDesc><vOutro>0.00</vOutro><vIPI>0.00</vIPI><vFrete>0.00</vFrete></ICMSTot></total><cobr><fat><vOrig>438.90</vOrig><nFat>17685</nFat><vDesc>0.00</vDesc><vLiq>438.90</vLiq></fat><dup><dVenc>2025-03-31</dVenc><nDup>001</nDup><vDup>438.90</vDup></dup></cobr><pag><detPag><vPag>438.90</vPag><tPag>15</tPag></detPag></pag><ide><tpNF>1</tpNF><mod>55</mod><indPres>1</indPres><tpImp>1</tpImp><nNF>17685</nNF><cMunFG>3170206</cMunFG><procEmi>0</procEmi><finNFe>1</finNFe><dhEmi>2025-03-10T13:39:51-03:00</dhEmi><tpAmb>1</tpAmb><indFinal>1</indFinal><dhSaiEnt>2025-03-10T13:39:51-03:00</dhSaiEnt><idDest>1</idDest><tpEmis>1</tpEmis><cDV>6</cDV><cUF>31</cUF><serie>1</serie><natOp>NF DE VENDA</natOp><cNF>73496819</cNF><verProc>Mov_2.2.6.9315</verProc><indIntermed>0</indIntermed></ide><Id>NFe31250341818239000150550010000176851734968196</Id><autXML><CNPJ>41818239000150</CNPJ></autXML><autXML><CNPJ>24615003000106</CNPJ></autXML><autXML><CNPJ>35622792000110</CNPJ></autXML><dest><xNome>SOLOS SOLUTION COMERCIO DE PRODUTOS AGRICOLAS LTDA</xNome><CNPJ>46055552000106</CNPJ><enderDest><fone>34997788867</fone><UF>MG</UF><xPais>BRASIL</xPais><cPais>1058</cPais><xLgr>AVENIDA FRANCISCO GALASSI</xLgr><xMun>UBERLANDIA</xMun><nro>2260</nro><cMun>3170206</cMun><xBairro>MORADA DA COLINA</xBairro><CEP>38411120</CEP></enderDest><IE>0043201520080</IE><indIEDest>1</indIEDest><email>lucasbastos@solossolution.com.br</email></dest><emit><xNome>SOUZA E RIBEIRO COMERCIO DE EMBALAGENS LTDA</xNome><CRT>3</CRT><xFant>Souza Ribeiro</xFant><CNPJ>41818239000150</CNPJ><enderEmit><fone>3430464818</fone><UF>MG</UF><xPais>BRASIL</xPais><cPais>1058</cPais><xLgr>RUA PIAUI</xLgr><xMun>UBERLANDIA</xMun><nro>1729</nro><cMun>3170206</cMun><xBairro>BRASIL</xBairro><CEP>38405317</CEP></enderEmit><IE>0040387560092</IE></emit><transp><modFrete>1</modFrete></transp></infNFe></NFe><versao>4.00</versao></nfeProc>